{"cameraMode":{"drawMode":0,"name":"Shaded","section":"Shading Mode"},"sceneLighting":true,"audioPlay":false,"sceneViewState":{"m_AlwaysRefresh":false,"showFog":true,"showSkybox":true,"showFlares":true,"showImageEffects":true,"showParticleSystems":true,"showVisualEffectGraphs":true,"m_FxEnabled":true},"in2DMode":false,"pivot":{"x":2.358253002166748,"y":0.8668341636657715,"z":-0.38703203201293948},"rotation":{"x":0.04654419794678688,"y":0.9449318647384644,"z":-0.2847537100315094,"w":0.15445280075073243},"size":4.560951232910156,"orthographic":false}